,sel,without
0,0.5842670888316874,0.5585834269620934
1,0.4024610558334662,0.46292866103503166
